sourcePath,destinationPath,pageType,result,severity,bucket,sourceStatus,destinationStatus,missingSections,missingAssets,missingContent,seoIssues,responsiveIssues,brokenLinks,consoleErrors,a11yFindings,repairRecommendation
/about,/about,marketing_static,MAJOR_DIFFERENCE,CRITICAL,missing_major_sections,200,200,14,3,15,3,0,0,0,1,"Add missing sections to destination: We built the hiring system that hire., DIV, From HR Frustration to Recruiting Innovation, From a broken model to a hiring throughput system, The Win-Win-Win Mentality"
/blog,/blog,marketing_static,MAJOR_DIFFERENCE,CRITICAL,missing_major_sections,200,200,9,2,15,1,0,0,0,1,"Add missing sections to destination: The TaaSFlow Journal, Data-Driven Recruiting: How Analytics Reduce Time-to-Hire by 40% in 2026, Editorial Sections, Latest Articles, Data-Driven Recruiting: How Analytics Reduce Time-to-Hire by 40% in 2026"
/blog/category/*,/blog/category/$slug,blog_category_index,MISSING_ROUTE,CRITICAL,missing_route,200,404,9,2,15,4,0,0,1,1,Create destination route /blog/category/$slug mirroring source content and metadata.
/candidate-success,/candidate-success,marketing_static,MAJOR_DIFFERENCE,CRITICAL,missing_major_sections,200,200,3,1,15,3,0,0,0,1,"Add missing sections to destination: Hero Title, Sarah M., Footer Heading"
/candidate/join,/candidate-join,marketing_static,MAJOR_DIFFERENCE,CRITICAL,missing_major_sections,200,200,1,1,2,4,0,0,0,1,Add missing sections to destination: Join the TaaSFlow Network
/case-studies,/case-studies,marketing_static,MAJOR_DIFFERENCE,CRITICAL,missing_major_sections,200,200,3,1,10,3,0,0,0,1,"Add missing sections to destination: Success Stories, SafiTech: Scaling a Development Team in 4 Weeks, Your success story could be next"
/contact,/contact,marketing_static,MAJOR_DIFFERENCE,CRITICAL,missing_major_sections,200,200,1,1,3,3,0,0,0,1,Add missing sections to destination: Contact us
/employer-onboarding,/employer-onboarding,marketing_static,MAJOR_DIFFERENCE,CRITICAL,missing_major_sections,200,200,5,2,2,3,0,0,0,0,"Add missing sections to destination: Hero Title Hero Title Accent, Journey Title, Expectations Title, Checklist Title, Cta Title"
/enterprise,/enterprise,marketing_static,MAJOR_DIFFERENCE,CRITICAL,missing_major_sections,200,200,11,6,15,3,0,0,0,0,"Add missing sections to destination: Scale Your Workforce. Globally., Built for High-Volume, Global Operations, Purpose-Built for Volume Hiring Industries, Hiring Across Borders, Without the Barriers, Agency Fees vs. TaaSFlow Subscription"
/faq,/faq,marketing_static,MAJOR_DIFFERENCE,CRITICAL,missing_major_sections,200,200,3,1,7,2,0,0,0,1,"Add missing sections to destination: Common questions, Related topics, Still have questions?"
/global-talent,/global-talent,marketing_static,MAJOR_DIFFERENCE,CRITICAL,missing_major_sections,200,200,9,1,15,3,0,0,0,1,"Add missing sections to destination: A quieter way to be consideredfor the right work., Built for people who don’t need another job board., Three ways to be considered., Fewer roles. Higher signal.Considered work for considered people., Your career, on your terms."
/how-it-works,/how-it-works,marketing_static,MAJOR_DIFFERENCE,CRITICAL,missing_major_sections,200,200,15,4,15,1,0,0,0,0,"Add missing sections to destination: Built by Industry Leaders on 10 Years of Data, DIV, From HR Frustration to Recruiting Innovation, Traditional Recruiting Is Broken by Design, Five Pillars of Precision"
/,/,marketing_static,MAJOR_DIFFERENCE,CRITICAL,missing_major_sections,200,200,17,6,15,1,0,0,0,1,"Add missing sections to destination: Your hiring team.On demand., DIV, Cut your cost-per-hire. See the math., You found the perfect candidate. Now comes the invoice., A repeatable operating system, role by role"
/industries,/industries,industries_index,MAJOR_DIFFERENCE,CRITICAL,missing_major_sections,200,200,3,1,2,3,0,0,0,1,"Add missing sections to destination: Title, Technology, Cta Title"
/industries/accounting,/industries/accounting,industry_page,MAJOR_DIFFERENCE,CRITICAL,missing_major_sections,200,200,16,5,15,3,0,0,0,0,"Add missing sections to destination: Accounting Talent for Firms & Corporate Finance, Accounting & Audit Industry Insights, Ready to transform your accounting & audit recruiting?, How we hire for Accounting & Audit, The Accounting Capacity Challenge"
/industries/compare,/industries/compare,industries_compare,MAJOR_DIFFERENCE,CRITICAL,missing_major_sections,200,200,2,1,2,3,0,0,0,1,"Add missing sections to destination: Industry Comparison, Filter and compare industries"
/industries/construction,/industries/construction,industry_page,MAJOR_DIFFERENCE,CRITICAL,missing_major_sections,200,200,17,5,15,3,0,0,0,0,"Add missing sections to destination: Construction Talent for Contractors & Design Firms, Construction & Architecture Industry Insights, Ready to transform your construction & architecture recruiting?, How we hire for Construction & Architecture, The Construction Staffing Challenge"
/industries/consulting,/industries/consulting,industry_page,MAJOR_DIFFERENCE,CRITICAL,missing_major_sections,200,200,17,4,15,3,0,0,0,0,"Add missing sections to destination: Consulting Talent for Firms & Advisory Practices, Consulting Industry Insights, Ready to transform your consulting recruiting?, How we hire for Consulting, The Consulting Capacity Challenge"
/industries/cybersecurity,/industries/cybersecurity,industry_page,MAJOR_DIFFERENCE,CRITICAL,missing_major_sections,200,200,17,4,15,3,0,0,0,0,"Add missing sections to destination: Cybersecurity Talent for Protection & Compliance, Cybersecurity Industry Insights, Ready to transform your cybersecurity recruiting?, How we hire for Cybersecurity, The Cybersecurity Talent Challenge"
/industries/data-analytics,/industries/data-analytics,industry_page,MAJOR_DIFFERENCE,CRITICAL,missing_major_sections,200,200,16,5,15,3,0,0,0,0,"Add missing sections to destination: Data Talent for Analytics-Driven Organizations, Data & Analytics Industry Insights, Ready to transform your data & analytics recruiting?, How we hire for Data & Analytics, The Data Talent Challenge"
/industries/ecommerce,/industries/ecommerce,industry_page,MAJOR_DIFFERENCE,CRITICAL,missing_major_sections,200,200,17,5,15,3,0,0,0,0,"Add missing sections to destination: E-commerce Talent for DTC Brands & Retailers, E-commerce & Retail Industry Insights, Ready to transform your e-commerce & retail recruiting?, How we hire for E-commerce & Retail, The E-commerce Staffing Challenge"
/industries/finance,/industries/finance,industry_page,MAJOR_DIFFERENCE,CRITICAL,missing_major_sections,200,200,17,5,15,3,0,0,0,0,"Add missing sections to destination: Financial Professionals for Banks, Funds & Corporations, Finance & Banking Industry Insights, Ready to transform your finance & banking recruiting?, How we hire for Finance & Banking, The Finance Hiring Challenge"
/industries/healthcare,/industries/healthcare,industry_page,MAJOR_DIFFERENCE,CRITICAL,missing_major_sections,200,200,17,4,15,3,0,0,0,0,"Add missing sections to destination: Healthcare Talent Built for Compliance, Credentials & Patient Care, Healthcare Industry Insights, Ready to transform your healthcare recruiting?, How we hire for Healthcare, The Healthcare Staffing Challenge"
/industries/hospitality,/industries/hospitality,industry_page,MAJOR_DIFFERENCE,CRITICAL,missing_major_sections,200,200,17,5,15,3,0,0,0,0,"Add missing sections to destination: Hospitality Talent for Hotels, Restaurants, Resorts & Event Venues, Hospitality & Events Industry Insights, Ready to transform your hospitality & events recruiting?, How we hire for Hospitality & Events, The Hospitality Staffing Reality"
/industries/human-resources,/industries/human-resources,industry_page,MAJOR_DIFFERENCE,CRITICAL,missing_major_sections,200,200,16,4,15,3,0,0,0,0,"Add missing sections to destination: HR Talent for Scaling Organizations, Human Resources Industry Insights, Ready to transform your human resources recruiting?, How we hire for Human Resources, The HR Scaling Challenge"
/industries/insurance,/industries/insurance,industry_page,MAJOR_DIFFERENCE,CRITICAL,missing_major_sections,200,200,17,4,15,3,0,0,0,0,"Add missing sections to destination: Insurance Talent for Carriers, Agencies & MGAs, Insurance Industry Insights, Ready to transform your insurance recruiting?, How we hire for Insurance, The Insurance Staffing Challenge"
/industries/legal,/industries/legal,industry_page,MAJOR_DIFFERENCE,CRITICAL,missing_major_sections,200,200,17,4,15,3,0,0,0,0,"Add missing sections to destination: Flexible Legal Talent for Firms & Departments, Legal Industry Insights, Ready to transform your legal recruiting?, How we hire for Legal, The Legal Staffing Challenge"
/industries/marketing,/industries/marketing,industry_page,MAJOR_DIFFERENCE,CRITICAL,missing_major_sections,200,200,17,5,15,3,0,0,0,0,"Add missing sections to destination: Marketing Talent That Drives Growth & Brand Impact, Marketing & Advertising Industry Insights, Ready to transform your marketing & advertising recruiting?, How we hire for Marketing & Advertising, The Marketing Hiring Challenge"
/industries/media,/industries/media,industry_page,MAJOR_DIFFERENCE,CRITICAL,missing_major_sections,200,200,16,5,15,3,0,0,0,0,"Add missing sections to destination: Media Talent for Production & Content Companies, Media & Entertainment Industry Insights, Ready to transform your media & entertainment recruiting?, How we hire for Media & Entertainment, The Media Hiring Challenge"
/industries/non-profit,/industries/non-profit,industry_page,MAJOR_DIFFERENCE,CRITICAL,missing_major_sections,200,200,16,2,8,3,0,0,1,1,"Add missing sections to destination: Non-Profit Talent for Mission-Driven Organizations, Non-Profit Industry Insights, Ready to transform your non-profit recruiting?, How we hire for Non-Profit, The Non-Profit Hiring Challenge"
/industries/private-equity,/industries/private-equity,industry_page,MAJOR_DIFFERENCE,CRITICAL,missing_major_sections,200,200,17,5,15,3,0,0,0,0,"Add missing sections to destination: PE/VC Talent for Funds & Portfolio Companies, Private Equity & VC Industry Insights, Ready to transform your private equity & vc recruiting?, How we hire for Private Equity & VC, The PE/VC Talent Challenge"
/industries/public-sector,/industries/public-sector,industry_page,MAJOR_DIFFERENCE,CRITICAL,missing_major_sections,200,200,17,4,15,3,0,0,0,0,"Add missing sections to destination: Agile Talent Solutions for Government & Public Agencies, Public Sector Industry Insights, Ready to transform your public sector recruiting?, How we hire for Public Sector, The Public Sector Hiring Challenge"
/industries/real-estate,/industries/real-estate,industry_page,MAJOR_DIFFERENCE,CRITICAL,missing_major_sections,200,200,17,4,15,3,0,0,0,0,"Add missing sections to destination: Real Estate Professionals for Brokerages & Property Management, Real Estate Industry Insights, Ready to transform your real estate recruiting?, How we hire for Real Estate, The Real Estate Staffing Challenge"
/industries/saas,/industries/saas,industry_page,MAJOR_DIFFERENCE,CRITICAL,missing_major_sections,200,200,17,5,15,3,0,0,0,0,"Add missing sections to destination: SaaS Talent for Product-Led Growth Companies, SaaS & Cloud Industry Insights, Ready to transform your saas & cloud recruiting?, How we hire for SaaS & Cloud, The SaaS Talent Challenge"
/industries/sales,/industries/sales,industry_page,MAJOR_DIFFERENCE,CRITICAL,missing_major_sections,200,200,17,4,15,3,0,0,0,0,"Add missing sections to destination: Sales Professionals Who Drive Revenue Growth, Sales Industry Insights, Ready to transform your sales recruiting?, How we hire for Sales, The Sales Hiring Challenge"
/industries/staffing-agencies,/industries/staffing-agencies,industry_page,MAJOR_DIFFERENCE,CRITICAL,missing_major_sections,200,200,16,5,15,3,0,0,0,0,"Add missing sections to destination: White-Label Recruiting for Staffing & Recruiting Firms, Staffing Agencies Industry Insights, Ready to transform your staffing agencies recruiting?, How we hire for Staffing Agencies, The Staffing Agency Challenge"
/industries/tech,/industries/tech,industry_page,MAJOR_DIFFERENCE,CRITICAL,missing_major_sections,200,200,17,4,15,3,0,0,0,0,"Add missing sections to destination: Engineering Talent On-Demand for Tech Companies, Technology Industry Insights, Ready to transform your technology recruiting?, How we hire for Technology, The Tech Hiring Challenge"
/knowledge-base,/knowledge-base,marketing_static,MAJOR_DIFFERENCE,CRITICAL,missing_major_sections,200,200,3,1,15,3,0,0,0,1,"Add missing sections to destination: How Can We Help?, What is Talent-as-a-Service?, Still have questions?"
/partnerships/staffing,/partnerships/staffing,marketing_static,MAJOR_DIFFERENCE,CRITICAL,missing_major_sections,200,200,7,2,13,3,0,0,0,0,"Add missing sections to destination: Everybody Wins When You Partner with TaaS, A Partnership Where Everyone Wins, More Affordable Than Contingency. Better Results., What Our Agency Partners Say, Choose Your Partnership Level"
/pilot,/pilot,marketing_static,MAJOR_DIFFERENCE,CRITICAL,missing_major_sections,200,200,3,2,6,3,0,0,0,0,"Add missing sections to destination: What the Pilot Is, What Happens Next, Ready to Start?"
/pricing,/pricing,marketing_static,MAJOR_DIFFERENCE,CRITICAL,missing_major_sections,200,200,11,2,6,1,0,0,0,0,"Add missing sections to destination: Plans that scale with volume, DIV, Pilot — Single Position, Included Title, After Title"
/privacy,/privacy,marketing_static,MAJOR_DIFFERENCE,CRITICAL,missing_major_sections,200,200,17,1,7,3,0,0,0,1,"Add missing sections to destination: Global Recruitment Privacy Notice, 1. Who We Are, 2. Personal Data We Collect, 3. How We Collect Personal Data, 4. Purposes of Processing"
/resources,/resources,marketing_static,MAJOR_DIFFERENCE,CRITICAL,missing_major_sections,200,200,3,1,10,3,0,0,0,1,"Add missing sections to destination: Recruiting resources for talent leaders, Recruiting playbooks and guides, How to use these resources"
/sitemap.xml,/sitemap.xml,utility,PASS,HIGH,responsive_failures,200,200,0,0,0,3,1,0,0,1,Eliminate horizontal overflow on: mobile
/taasflow-journey,/journey,marketing_static,MAJOR_DIFFERENCE,CRITICAL,missing_major_sections,200,200,1,0,1,4,0,0,0,1,"Add missing sections to destination: Recruitment,rebuilt to flow."
/talent-network,/talent-network,marketing_static,MAJOR_DIFFERENCE,CRITICAL,missing_major_sections,200,200,4,1,2,3,0,0,0,1,"Add missing sections to destination: Headline, Heading, Heading, Heading"
/talent,/talent-marketplace,marketing_static,MAJOR_DIFFERENCE,CRITICAL,missing_major_sections,200,200,4,1,10,4,0,0,0,1,"Add missing sections to destination: A window into the TaaSFlow talent network, A window into the TaaSFlow talent network, No profiles match your filters, Ready to hire from this network?"
/terms,/terms,marketing_static,MAJOR_DIFFERENCE,CRITICAL,missing_major_sections,200,200,16,1,2,3,0,0,0,1,"Add missing sections to destination: Terms of Service, 1. Acceptance of Terms, 2. Description of Services, 3. Account Registration, 4. Subscriptions, Pricing, and Payment"
